spec_id,channel,placement,piece_type,media_type,format,campaign_quantity,orientation,aspect_ratio,width_px,height_px,min_width_px,min_height_px,image_file_types,image_max_file_size,video_max_seconds,video_recommended_seconds,video_codec,video_container,audio_codec,audio_sample_rate,carousel_min_pages,carousel_max_pages,carousel_recommended_pages,safe_top,safe_right,safe_bottom,safe_left,title_limit,caption_limit,description_limit,captions_required,alt_text_required,contrast_requirement,export_extension,file_name_pattern,source_name,source_url,source_accessed_at,verification_status,gap_status
SPEC-YOUTUBE-LONG-FORM-VIDEO-LANDSCAPE,YOUTUBE,LONG_FORM,VIDEO,VIDEO,LANDSCAPE,A_DEFINIR,LANDSCAPE,16:9,A_DEFINIR,A_DEFINIR,A_DEFINIR,A_DEFINIR,NAO_APLICAVEL,NAO_APLICAVEL,43200,A_DEFINIR,H.264,MP4,"[""AAC-LC"",""Opus"",""Eclipsa Audio""]",48000,NAO_APLICAVEL,NAO_APLICAVEL,NAO_APLICAVEL,A_DEFINIR,A_DEFINIR,A_DEFINIR,A_DEFINIR,100,A_DEFINIR,5000,CONDITIONAL_PRERECORDED_SYNCHRONIZED_AUDIO,A_DEFINIR,"{""normal_text"":4.5,""large_text"":3.0}",mp4,{campaign_id}__{asset_id}__{spec_id}__v{version}.{ext},Variaveis_Campanha.(1).md,NAO_APLICAVEL,2026-10-06,PARTIAL_VERIFIED,OPEN
SPEC-YOUTUBE-SHORTS-SHORT-VERTICAL,YOUTUBE,SHORTS,SHORT,VIDEO,VERTICAL,4,PORTRAIT,9:16,A_DEFINIR,A_DEFINIR,A_DEFINIR,A_DEFINIR,NAO_APLICAVEL,NAO_APLICAVEL,180,30,H.264,MP4,"[""AAC-LC"",""Opus"",""Eclipsa Audio""]",48000,NAO_APLICAVEL,NAO_APLICAVEL,NAO_APLICAVEL,A_DEFINIR,A_DEFINIR,A_DEFINIR,A_DEFINIR,100,A_DEFINIR,5000,CONDITIONAL_PRERECORDED_SYNCHRONIZED_AUDIO,A_DEFINIR,"{""normal_text"":4.5,""large_text"":3.0}",mp4,{campaign_id}__{asset_id}__{spec_id}__v{version}.{ext},Variaveis_Campanha.(1).md,NAO_APLICAVEL,2026-10-06,PARTIAL_VERIFIED,OPEN
SPEC-YOUTUBE-LONG-THUMB-DESKTOP-THUMBNAIL-LANDSCAPE,YOUTUBE,LONG_THUMB_DESKTOP,THUMBNAIL,IMAGE,LANDSCAPE,A_DEFINIR,LANDSCAPE,16:9,3840,2160,640,A_DEFINIR,"[""JPG"",""PNG""]",50 MB,NAO_APLICAVEL,NAO_APLICAVEL,NAO_APLICAVEL,NAO_APLICAVEL,NAO_APLICAVEL,NAO_APLICAVEL,NAO_APLICAVEL,NAO_APLICAVEL,NAO_APLICAVEL,A_DEFINIR,A_DEFINIR,A_DEFINIR,A_DEFINIR,A_DEFINIR,A_DEFINIR,A_DEFINIR,NAO_APLICAVEL,CONDITIONAL_NON_DECORATIVE,"{""normal_text"":4.5,""large_text"":3.0}",A_DEFINIR,{campaign_id}__{asset_id}__{spec_id}__v{version}.{ext},CMD_output_campanha_requiremenets.md,NAO_APLICAVEL,2026-10-06,PARTIAL_VERIFIED,OPEN
SPEC-YOUTUBE-LONG-THUMB-MOBILE-THUMBNAIL-LANDSCAPE,YOUTUBE,LONG_THUMB_MOBILE,THUMBNAIL,IMAGE,LANDSCAPE,A_DEFINIR,LANDSCAPE,16:9,3840,2160,640,A_DEFINIR,"[""JPG"",""PNG""]",2 MB,NAO_APLICAVEL,NAO_APLICAVEL,NAO_APLICAVEL,NAO_APLICAVEL,NAO_APLICAVEL,NAO_APLICAVEL,NAO_APLICAVEL,NAO_APLICAVEL,NAO_APLICAVEL,A_DEFINIR,A_DEFINIR,A_DEFINIR,A_DEFINIR,A_DEFINIR,A_DEFINIR,A_DEFINIR,NAO_APLICAVEL,CONDITIONAL_NON_DECORATIVE,"{""normal_text"":4.5,""large_text"":3.0}",A_DEFINIR,{campaign_id}__{asset_id}__{spec_id}__v{version}.{ext},CMD_output_campanha_requiremenets.md,NAO_APLICAVEL,2026-10-06,PARTIAL_VERIFIED,OPEN
SPEC-YOUTUBE-SHORT-THUMB-DESKTOP-THUMBNAIL-VERTICAL,YOUTUBE,SHORT_THUMB_DESKTOP,THUMBNAIL,IMAGE,VERTICAL,A_DEFINIR,PORTRAIT,9:16,2160,3840,A_DEFINIR,640,"[""JPG"",""PNG""]",50 MB,NAO_APLICAVEL,NAO_APLICAVEL,NAO_APLICAVEL,NAO_APLICAVEL,NAO_APLICAVEL,NAO_APLICAVEL,NAO_APLICAVEL,NAO_APLICAVEL,NAO_APLICAVEL,A_DEFINIR,A_DEFINIR,A_DEFINIR,A_DEFINIR,A_DEFINIR,A_DEFINIR,A_DEFINIR,NAO_APLICAVEL,CONDITIONAL_NON_DECORATIVE,"{""normal_text"":4.5,""large_text"":3.0}",A_DEFINIR,{campaign_id}__{asset_id}__{spec_id}__v{version}.{ext},CMD_output_campanha_requiremenets.md,NAO_APLICAVEL,2026-10-06,PARTIAL_VERIFIED,OPEN
SPEC-INSTAGRAM-REELS-SHORT-VERTICAL,INSTAGRAM,REELS,SHORT,VIDEO,VERTICAL,4,PORTRAIT,9:16,A_DEFINIR,A_DEFINIR,A_DEFINIR,A_DEFINIR,NAO_APLICAVEL,NAO_APLICAVEL,A_DEFINIR,30,A_DEFINIR,A_DEFINIR,A_DEFINIR,A_DEFINIR,NAO_APLICAVEL,NAO_APLICAVEL,NAO_APLICAVEL,A_DEFINIR,A_DEFINIR,A_DEFINIR,A_DEFINIR,A_DEFINIR,A_DEFINIR,A_DEFINIR,CONDITIONAL_PRERECORDED_SYNCHRONIZED_AUDIO,A_DEFINIR,"{""normal_text"":4.5,""large_text"":3.0}",A_DEFINIR,{campaign_id}__{asset_id}__{spec_id}__v{version}.{ext},Variaveis_Campanha.(1).md,NAO_APLICAVEL,2026-10-06,PARTIAL_VERIFIED,OPEN
SPEC-TIKTOK-FEED-API-SHORT-VERTICAL,TIKTOK,FEED_API,SHORT,VIDEO,VERTICAL,4,PORTRAIT,9:16,A_DEFINIR,A_DEFINIR,360,360,NAO_APLICAVEL,NAO_APLICAVEL,A_DEFINIR,30,"[""H.264"",""H.265"",""VP8"",""VP9""]","[""MP4"",""WebM"",""MOV""]",A_DEFINIR,A_DEFINIR,NAO_APLICAVEL,NAO_APLICAVEL,NAO_APLICAVEL,A_DEFINIR,A_DEFINIR,A_DEFINIR,A_DEFINIR,A_DEFINIR,2200,A_DEFINIR,CONDITIONAL_PRERECORDED_SYNCHRONIZED_AUDIO,A_DEFINIR,"{""normal_text"":4.5,""large_text"":3.0}",mp4,{campaign_id}__{asset_id}__{spec_id}__v{version}.{ext},Variaveis_Campanha.(1).md,NAO_APLICAVEL,2026-10-06,PARTIAL_VERIFIED,OPEN
SPEC-INSTAGRAM-FEED-NATIVE-CAROUSEL-STATIC-4X5,INSTAGRAM,FEED_NATIVE,CAROUSEL,IMAGE,STATIC_4X5,2,PORTRAIT,4:5,1080,1350,A_DEFINIR,A_DEFINIR,A_DEFINIR,A_DEFINIR,NAO_APLICAVEL,NAO_APLICAVEL,NAO_APLICAVEL,NAO_APLICAVEL,NAO_APLICAVEL,NAO_APLICAVEL,A_DEFINIR,A_DEFINIR,5,A_DEFINIR,A_DEFINIR,A_DEFINIR,A_DEFINIR,A_DEFINIR,A_DEFINIR,A_DEFINIR,NAO_APLICAVEL,CONDITIONAL_NON_DECORATIVE,"{""normal_text"":4.5,""large_text"":3.0}",png,{campaign_id}__{asset_id}__{spec_id}__v{version}.{ext},HANDOFF_CARROSSEL.md,NAO_APLICAVEL,2026-10-06,PARTIAL_VERIFIED,OPEN
SPEC-INSTAGRAM-FEED-API-CAROUSEL-STATIC-4X5,INSTAGRAM,FEED_API,CAROUSEL,IMAGE,STATIC_4X5,2,PORTRAIT,4:5,1080,1350,A_DEFINIR,A_DEFINIR,A_DEFINIR,A_DEFINIR,NAO_APLICAVEL,NAO_APLICAVEL,NAO_APLICAVEL,NAO_APLICAVEL,NAO_APLICAVEL,NAO_APLICAVEL,A_DEFINIR,A_DEFINIR,5,A_DEFINIR,A_DEFINIR,A_DEFINIR,A_DEFINIR,A_DEFINIR,A_DEFINIR,A_DEFINIR,NAO_APLICAVEL,CONDITIONAL_NON_DECORATIVE,"{""normal_text"":4.5,""large_text"":3.0}",A_DEFINIR,{campaign_id}__{asset_id}__{spec_id}__v{version}.{ext},HANDOFF_CARROSSEL.md,NAO_APLICAVEL,2026-10-06,PARTIAL_VERIFIED,OPEN
SPEC-INSTAGRAM-STORIES-STORY-VERTICAL-IMAGE,INSTAGRAM,STORIES,STORY,IMAGE,VERTICAL_IMAGE,A_DEFINIR,PORTRAIT,9:16,A_DEFINIR,A_DEFINIR,A_DEFINIR,A_DEFINIR,A_DEFINIR,A_DEFINIR,NAO_APLICAVEL,NAO_APLICAVEL,NAO_APLICAVEL,NAO_APLICAVEL,NAO_APLICAVEL,NAO_APLICAVEL,NAO_APLICAVEL,NAO_APLICAVEL,NAO_APLICAVEL,A_DEFINIR,A_DEFINIR,A_DEFINIR,A_DEFINIR,A_DEFINIR,A_DEFINIR,A_DEFINIR,NAO_APLICAVEL,CONDITIONAL_NON_DECORATIVE,"{""normal_text"":4.5,""large_text"":3.0}",A_DEFINIR,{campaign_id}__{asset_id}__{spec_id}__v{version}.{ext},variaveis .txt,NAO_APLICAVEL,2026-10-06,PARTIAL_VERIFIED,OPEN
SPEC-INSTAGRAM-STORIES-STORY-VERTICAL-VIDEO,INSTAGRAM,STORIES,STORY,VIDEO,VERTICAL_VIDEO,A_DEFINIR,PORTRAIT,9:16,A_DEFINIR,A_DEFINIR,A_DEFINIR,A_DEFINIR,NAO_APLICAVEL,NAO_APLICAVEL,A_DEFINIR,A_DEFINIR,A_DEFINIR,A_DEFINIR,A_DEFINIR,A_DEFINIR,NAO_APLICAVEL,NAO_APLICAVEL,NAO_APLICAVEL,A_DEFINIR,A_DEFINIR,A_DEFINIR,A_DEFINIR,A_DEFINIR,A_DEFINIR,A_DEFINIR,CONDITIONAL_PRERECORDED_SYNCHRONIZED_AUDIO,A_DEFINIR,"{""normal_text"":4.5,""large_text"":3.0}",A_DEFINIR,{campaign_id}__{asset_id}__{spec_id}__v{version}.{ext},variaveis .txt,NAO_APLICAVEL,2026-10-06,PARTIAL_VERIFIED,OPEN
SPEC-LINKEDIN-FEED-DOCUMENT-API-CAROUSEL-PDF-4X5,LINKEDIN,FEED_DOCUMENT_API,CAROUSEL,DOCUMENT,PDF_4X5,1,PORTRAIT,4:5,A_DEFINIR,A_DEFINIR,A_DEFINIR,A_DEFINIR,"[""PDF"",""PPT"",""PPTX"",""DOC"",""DOCX""]",100 MB,NAO_APLICAVEL,NAO_APLICAVEL,NAO_APLICAVEL,NAO_APLICAVEL,NAO_APLICAVEL,NAO_APLICAVEL,A_DEFINIR,300,A_DEFINIR,A_DEFINIR,A_DEFINIR,A_DEFINIR,A_DEFINIR,A_DEFINIR,A_DEFINIR,A_DEFINIR,NAO_APLICAVEL,CONDITIONAL_NON_DECORATIVE,"{""normal_text"":4.5,""large_text"":3.0}",pdf,{campaign_id}__{asset_id}__{spec_id}__v{version}.{ext},Variaveis_Campanha.(1).md,NAO_APLICAVEL,2026-10-06,PARTIAL_VERIFIED,OPEN
SPEC-LINKEDIN-FEED-POST-PLAIN-TEXT,LINKEDIN,FEED,POST,TEXT,PLAIN_TEXT,2,NAO_APLICAVEL,NAO_APLICAVEL,NAO_APLICAVEL,NAO_APLICAVEL,NAO_APLICAVEL,NAO_APLICAVEL,NAO_APLICAVEL,NAO_APLICAVEL,NAO_APLICAVEL,NAO_APLICAVEL,NAO_APLICAVEL,NAO_APLICAVEL,NAO_APLICAVEL,NAO_APLICAVEL,NAO_APLICAVEL,NAO_APLICAVEL,NAO_APLICAVEL,NAO_APLICAVEL,NAO_APLICAVEL,NAO_APLICAVEL,NAO_APLICAVEL,A_DEFINIR,3000,A_DEFINIR,NAO_APLICAVEL,NAO_APLICAVEL,NAO_APLICAVEL,A_DEFINIR,{campaign_id}__{asset_id}__{spec_id}__v{version}.{ext},Variaveis_Campanha.(1).md,NAO_APLICAVEL,2026-10-06,PARTIAL_VERIFIED,OPEN
SPEC-LINKEDIN-FEED-API-VIDEO-ASPECT-UNRESOLVED,LINKEDIN,FEED_API,VIDEO,VIDEO,ASPECT_UNRESOLVED,A_DEFINIR,A_DEFINIR,A_DEFINIR,A_DEFINIR,A_DEFINIR,A_DEFINIR,A_DEFINIR,NAO_APLICAVEL,NAO_APLICAVEL,1800,A_DEFINIR,A_DEFINIR,MP4,A_DEFINIR,A_DEFINIR,NAO_APLICAVEL,NAO_APLICAVEL,NAO_APLICAVEL,A_DEFINIR,A_DEFINIR,A_DEFINIR,A_DEFINIR,A_DEFINIR,A_DEFINIR,A_DEFINIR,CONDITIONAL_PRERECORDED_SYNCHRONIZED_AUDIO,A_DEFINIR,"{""normal_text"":4.5,""large_text"":3.0}",mp4,{campaign_id}__{asset_id}__{spec_id}__v{version}.{ext},Variaveis_Campanha.(1).md,NAO_APLICAVEL,2026-10-06,PARTIAL_VERIFIED,OPEN
SPEC-X-FEED-POST-PLAIN-TEXT,X,FEED,POST,TEXT,PLAIN_TEXT,A_DEFINIR,NAO_APLICAVEL,NAO_APLICAVEL,NAO_APLICAVEL,NAO_APLICAVEL,NAO_APLICAVEL,NAO_APLICAVEL,NAO_APLICAVEL,NAO_APLICAVEL,NAO_APLICAVEL,NAO_APLICAVEL,NAO_APLICAVEL,NAO_APLICAVEL,NAO_APLICAVEL,NAO_APLICAVEL,NAO_APLICAVEL,NAO_APLICAVEL,NAO_APLICAVEL,NAO_APLICAVEL,NAO_APLICAVEL,NAO_APLICAVEL,NAO_APLICAVEL,A_DEFINIR,280,A_DEFINIR,NAO_APLICAVEL,NAO_APLICAVEL,NAO_APLICAVEL,A_DEFINIR,{campaign_id}__{asset_id}__{spec_id}__v{version}.{ext},Variaveis_Campanha.(1).md,NAO_APLICAVEL,2026-10-06,PARTIAL_VERIFIED,OPEN
SPEC-X-FEED-THREAD-PLAIN-TEXT,X,FEED,THREAD,TEXT,PLAIN_TEXT,A_DEFINIR,NAO_APLICAVEL,NAO_APLICAVEL,NAO_APLICAVEL,NAO_APLICAVEL,NAO_APLICAVEL,NAO_APLICAVEL,NAO_APLICAVEL,NAO_APLICAVEL,NAO_APLICAVEL,NAO_APLICAVEL,NAO_APLICAVEL,NAO_APLICAVEL,NAO_APLICAVEL,NAO_APLICAVEL,NAO_APLICAVEL,NAO_APLICAVEL,NAO_APLICAVEL,NAO_APLICAVEL,NAO_APLICAVEL,NAO_APLICAVEL,NAO_APLICAVEL,A_DEFINIR,280,A_DEFINIR,NAO_APLICAVEL,NAO_APLICAVEL,NAO_APLICAVEL,A_DEFINIR,{campaign_id}__{asset_id}__{spec_id}__v{version}.{ext},Variaveis_Campanha.(1).md,NAO_APLICAVEL,2026-10-06,PARTIAL_VERIFIED,OPEN
SPEC-THREADS-FEED-POST-PLAIN-TEXT,THREADS,FEED,POST,TEXT,PLAIN_TEXT,A_DEFINIR,NAO_APLICAVEL,NAO_APLICAVEL,NAO_APLICAVEL,NAO_APLICAVEL,NAO_APLICAVEL,NAO_APLICAVEL,NAO_APLICAVEL,NAO_APLICAVEL,NAO_APLICAVEL,NAO_APLICAVEL,NAO_APLICAVEL,NAO_APLICAVEL,NAO_APLICAVEL,NAO_APLICAVEL,NAO_APLICAVEL,NAO_APLICAVEL,NAO_APLICAVEL,NAO_APLICAVEL,NAO_APLICAVEL,NAO_APLICAVEL,NAO_APLICAVEL,A_DEFINIR,500,A_DEFINIR,NAO_APLICAVEL,NAO_APLICAVEL,NAO_APLICAVEL,A_DEFINIR,{campaign_id}__{asset_id}__{spec_id}__v{version}.{ext},Variaveis_Campanha.(1).md,NAO_APLICAVEL,2026-10-06,PARTIAL_VERIFIED,OPEN
SPEC-THREADS-FEED-THREAD-PLAIN-TEXT,THREADS,FEED,THREAD,TEXT,PLAIN_TEXT,A_DEFINIR,NAO_APLICAVEL,NAO_APLICAVEL,NAO_APLICAVEL,NAO_APLICAVEL,NAO_APLICAVEL,NAO_APLICAVEL,NAO_APLICAVEL,NAO_APLICAVEL,NAO_APLICAVEL,NAO_APLICAVEL,NAO_APLICAVEL,NAO_APLICAVEL,NAO_APLICAVEL,NAO_APLICAVEL,NAO_APLICAVEL,NAO_APLICAVEL,NAO_APLICAVEL,NAO_APLICAVEL,NAO_APLICAVEL,NAO_APLICAVEL,NAO_APLICAVEL,A_DEFINIR,500,A_DEFINIR,NAO_APLICAVEL,NAO_APLICAVEL,NAO_APLICAVEL,A_DEFINIR,{campaign_id}__{asset_id}__{spec_id}__v{version}.{ext},Variaveis_Campanha.(1).md,NAO_APLICAVEL,2026-10-06,PARTIAL_VERIFIED,OPEN
SPEC-BLOG-ARTICLE-ARTICLE-HTML,BLOG,ARTICLE,ARTICLE,TEXT,HTML,1,NAO_APLICAVEL,NAO_APLICAVEL,NAO_APLICAVEL,NAO_APLICAVEL,NAO_APLICAVEL,NAO_APLICAVEL,NAO_APLICAVEL,NAO_APLICAVEL,NAO_APLICAVEL,NAO_APLICAVEL,NAO_APLICAVEL,NAO_APLICAVEL,NAO_APLICAVEL,NAO_APLICAVEL,NAO_APLICAVEL,NAO_APLICAVEL,NAO_APLICAVEL,NAO_APLICAVEL,NAO_APLICAVEL,NAO_APLICAVEL,NAO_APLICAVEL,A_DEFINIR,A_DEFINIR,A_DEFINIR,NAO_APLICAVEL,NAO_APLICAVEL,NAO_APLICAVEL,A_DEFINIR,{campaign_id}__{asset_id}__{spec_id}__v{version}.{ext},Variaveis_Campanha.(1).md,NAO_APLICAVEL,2026-10-06,PARTIAL_VERIFIED,OPEN
SPEC-BLOG-ARTICLE-ILLUSTRATION-ASPECT-UNRESOLVED,BLOG,ARTICLE,ILLUSTRATION,IMAGE,ASPECT_UNRESOLVED,A_DEFINIR,A_DEFINIR,A_DEFINIR,A_DEFINIR,A_DEFINIR,A_DEFINIR,A_DEFINIR,A_DEFINIR,A_DEFINIR,NAO_APLICAVEL,NAO_APLICAVEL,NAO_APLICAVEL,NAO_APLICAVEL,NAO_APLICAVEL,NAO_APLICAVEL,NAO_APLICAVEL,NAO_APLICAVEL,NAO_APLICAVEL,A_DEFINIR,A_DEFINIR,A_DEFINIR,A_DEFINIR,A_DEFINIR,A_DEFINIR,A_DEFINIR,NAO_APLICAVEL,CONDITIONAL_NON_DECORATIVE,"{""normal_text"":4.5,""large_text"":3.0}",A_DEFINIR,{campaign_id}__{asset_id}__{spec_id}__v{version}.{ext},variaveis .txt,NAO_APLICAVEL,2026-10-06,PARTIAL_VERIFIED,OPEN
SPEC-NEWSLETTER-EMAIL-PROVIDER-UNRESOLVED-NEWSLETTER-HTML-EMAIL,NEWSLETTER,EMAIL_PROVIDER_UNRESOLVED,NEWSLETTER,TEXT,HTML_EMAIL,1,NAO_APLICAVEL,NAO_APLICAVEL,NAO_APLICAVEL,NAO_APLICAVEL,NAO_APLICAVEL,NAO_APLICAVEL,NAO_APLICAVEL,NAO_APLICAVEL,NAO_APLICAVEL,NAO_APLICAVEL,NAO_APLICAVEL,NAO_APLICAVEL,NAO_APLICAVEL,NAO_APLICAVEL,NAO_APLICAVEL,NAO_APLICAVEL,NAO_APLICAVEL,NAO_APLICAVEL,NAO_APLICAVEL,NAO_APLICAVEL,NAO_APLICAVEL,A_DEFINIR,A_DEFINIR,A_DEFINIR,NAO_APLICAVEL,NAO_APLICAVEL,NAO_APLICAVEL,A_DEFINIR,{campaign_id}__{asset_id}__{spec_id}__v{version}.{ext},Variaveis_Campanha.(1).md,NAO_APLICAVEL,2026-10-06,PARTIAL_VERIFIED,OPEN
SPEC-WEB-HOME-HERO-RESPONSIVE-REACT,WEB,HOME,HERO,INTERACTIVE,RESPONSIVE_REACT,A_DEFINIR,A_DEFINIR,A_DEFINIR,A_DEFINIR,A_DEFINIR,A_DEFINIR,A_DEFINIR,NAO_APLICAVEL,NAO_APLICAVEL,NAO_APLICAVEL,NAO_APLICAVEL,NAO_APLICAVEL,NAO_APLICAVEL,NAO_APLICAVEL,NAO_APLICAVEL,NAO_APLICAVEL,NAO_APLICAVEL,NAO_APLICAVEL,A_DEFINIR,A_DEFINIR,A_DEFINIR,A_DEFINIR,A_DEFINIR,A_DEFINIR,A_DEFINIR,NAO_APLICAVEL,CONDITIONAL_NON_DECORATIVE,"{""normal_text"":4.5,""large_text"":3.0}",A_DEFINIR,{campaign_id}__{asset_id}__{spec_id}__v{version}.{ext},CMD-REACT-INFORGRAFICO.md,NAO_APLICAVEL,2026-10-06,PARTIAL_VERIFIED,OPEN
SPEC-WEB-MAP-BRAIN-MAP-RESPONSIVE-REACT,WEB,MAP,BRAIN_MAP,INTERACTIVE,RESPONSIVE_REACT,A_DEFINIR,A_DEFINIR,A_DEFINIR,A_DEFINIR,A_DEFINIR,A_DEFINIR,A_DEFINIR,NAO_APLICAVEL,NAO_APLICAVEL,NAO_APLICAVEL,NAO_APLICAVEL,NAO_APLICAVEL,NAO_APLICAVEL,NAO_APLICAVEL,NAO_APLICAVEL,NAO_APLICAVEL,NAO_APLICAVEL,NAO_APLICAVEL,A_DEFINIR,A_DEFINIR,A_DEFINIR,A_DEFINIR,A_DEFINIR,A_DEFINIR,A_DEFINIR,NAO_APLICAVEL,CONDITIONAL_NON_DECORATIVE,"{""normal_text"":4.5,""large_text"":3.0}",A_DEFINIR,{campaign_id}__{asset_id}__{spec_id}__v{version}.{ext},CMD-REACT-INFORGRAFICO.md,NAO_APLICAVEL,2026-10-06,PARTIAL_VERIFIED,OPEN
SPEC-WEB-STORE-APP-PWA,WEB,STORE,APP,INTERACTIVE,PWA,A_DEFINIR,A_DEFINIR,A_DEFINIR,A_DEFINIR,A_DEFINIR,A_DEFINIR,A_DEFINIR,NAO_APLICAVEL,NAO_APLICAVEL,NAO_APLICAVEL,NAO_APLICAVEL,NAO_APLICAVEL,NAO_APLICAVEL,NAO_APLICAVEL,NAO_APLICAVEL,NAO_APLICAVEL,NAO_APLICAVEL,NAO_APLICAVEL,A_DEFINIR,A_DEFINIR,A_DEFINIR,A_DEFINIR,A_DEFINIR,A_DEFINIR,A_DEFINIR,NAO_APLICAVEL,CONDITIONAL_NON_DECORATIVE,"{""normal_text"":4.5,""large_text"":3.0}",A_DEFINIR,{campaign_id}__{asset_id}__{spec_id}__v{version}.{ext},SCHEMA_STORE_SOLUCAO.md,NAO_APLICAVEL,2026-10-06,PARTIAL_VERIFIED,OPEN
SPEC-WEB-STORE-EBOOK-PDF,WEB,STORE,EBOOK,DOCUMENT,PDF,A_DEFINIR,A_DEFINIR,A_DEFINIR,A_DEFINIR,A_DEFINIR,A_DEFINIR,A_DEFINIR,A_DEFINIR,A_DEFINIR,NAO_APLICAVEL,NAO_APLICAVEL,NAO_APLICAVEL,NAO_APLICAVEL,NAO_APLICAVEL,NAO_APLICAVEL,A_DEFINIR,3,A_DEFINIR,A_DEFINIR,A_DEFINIR,A_DEFINIR,A_DEFINIR,A_DEFINIR,A_DEFINIR,A_DEFINIR,NAO_APLICAVEL,CONDITIONAL_NON_DECORATIVE,"{""normal_text"":4.5,""large_text"":3.0}",pdf,{campaign_id}__{asset_id}__{spec_id}__v{version}.{ext},SCHEMA_STORE_SOLUCAO.md,NAO_APLICAVEL,2026-10-06,PARTIAL_VERIFIED,OPEN
SPEC-WEB-STORE-WORKBOOK-PDF,WEB,STORE,WORKBOOK,DOCUMENT,PDF,A_DEFINIR,A_DEFINIR,A_DEFINIR,A_DEFINIR,A_DEFINIR,A_DEFINIR,A_DEFINIR,A_DEFINIR,A_DEFINIR,NAO_APLICAVEL,NAO_APLICAVEL,NAO_APLICAVEL,NAO_APLICAVEL,NAO_APLICAVEL,NAO_APLICAVEL,A_DEFINIR,A_DEFINIR,A_DEFINIR,A_DEFINIR,A_DEFINIR,A_DEFINIR,A_DEFINIR,A_DEFINIR,A_DEFINIR,A_DEFINIR,NAO_APLICAVEL,CONDITIONAL_NON_DECORATIVE,"{""normal_text"":4.5,""large_text"":3.0}",A_DEFINIR,{campaign_id}__{asset_id}__{spec_id}__v{version}.{ext},SCHEMA_STORE_SOLUCAO.md,NAO_APLICAVEL,2026-10-06,PARTIAL_VERIFIED,OPEN
SPEC-WEB-STORE-TEMPLATE-FORMAT-UNRESOLVED,WEB,STORE,TEMPLATE,DATA,FORMAT_UNRESOLVED,A_DEFINIR,NAO_APLICAVEL,NAO_APLICAVEL,NAO_APLICAVEL,NAO_APLICAVEL,NAO_APLICAVEL,NAO_APLICAVEL,NAO_APLICAVEL,NAO_APLICAVEL,NAO_APLICAVEL,NAO_APLICAVEL,NAO_APLICAVEL,NAO_APLICAVEL,NAO_APLICAVEL,NAO_APLICAVEL,NAO_APLICAVEL,NAO_APLICAVEL,NAO_APLICAVEL,NAO_APLICAVEL,NAO_APLICAVEL,NAO_APLICAVEL,NAO_APLICAVEL,A_DEFINIR,A_DEFINIR,A_DEFINIR,NAO_APLICAVEL,NAO_APLICAVEL,NAO_APLICAVEL,A_DEFINIR,{campaign_id}__{asset_id}__{spec_id}__v{version}.{ext},SCHEMA_STORE_SOLUCAO.md,NAO_APLICAVEL,2026-10-06,PARTIAL_VERIFIED,OPEN
SPEC-WEB-STORE-ONBOARDING-ONE-PAGE,WEB,STORE,ONBOARDING,DOCUMENT,ONE_PAGE,A_DEFINIR,A_DEFINIR,A_DEFINIR,A_DEFINIR,A_DEFINIR,A_DEFINIR,A_DEFINIR,A_DEFINIR,A_DEFINIR,NAO_APLICAVEL,NAO_APLICAVEL,NAO_APLICAVEL,NAO_APLICAVEL,NAO_APLICAVEL,NAO_APLICAVEL,A_DEFINIR,A_DEFINIR,1,A_DEFINIR,A_DEFINIR,A_DEFINIR,A_DEFINIR,A_DEFINIR,A_DEFINIR,A_DEFINIR,NAO_APLICAVEL,CONDITIONAL_NON_DECORATIVE,"{""normal_text"":4.5,""large_text"":3.0}",A_DEFINIR,{campaign_id}__{asset_id}__{spec_id}__v{version}.{ext},SCHEMA_STORE_SOLUCAO.md,NAO_APLICAVEL,2026-10-06,PARTIAL_VERIFIED,OPEN
SPEC-WEB-STORE-PROMPT-YAML,WEB,STORE,PROMPT,DATA,YAML,A_DEFINIR,NAO_APLICAVEL,NAO_APLICAVEL,NAO_APLICAVEL,NAO_APLICAVEL,NAO_APLICAVEL,NAO_APLICAVEL,NAO_APLICAVEL,NAO_APLICAVEL,NAO_APLICAVEL,NAO_APLICAVEL,NAO_APLICAVEL,NAO_APLICAVEL,NAO_APLICAVEL,NAO_APLICAVEL,NAO_APLICAVEL,NAO_APLICAVEL,NAO_APLICAVEL,NAO_APLICAVEL,NAO_APLICAVEL,NAO_APLICAVEL,NAO_APLICAVEL,A_DEFINIR,A_DEFINIR,A_DEFINIR,NAO_APLICAVEL,NAO_APLICAVEL,NAO_APLICAVEL,A_DEFINIR,{campaign_id}__{asset_id}__{spec_id}__v{version}.{ext},SCHEMA_STORE_SOLUCAO.md,NAO_APLICAVEL,2026-10-06,PARTIAL_VERIFIED,OPEN
SPEC-WEB-STORE-SKILL-AGENT-PACKAGE-UNRESOLVED,WEB,STORE,SKILL_AGENT,CODE,PACKAGE_UNRESOLVED,A_DEFINIR,NAO_APLICAVEL,NAO_APLICAVEL,NAO_APLICAVEL,NAO_APLICAVEL,NAO_APLICAVEL,NAO_APLICAVEL,NAO_APLICAVEL,NAO_APLICAVEL,NAO_APLICAVEL,NAO_APLICAVEL,NAO_APLICAVEL,NAO_APLICAVEL,NAO_APLICAVEL,NAO_APLICAVEL,NAO_APLICAVEL,NAO_APLICAVEL,NAO_APLICAVEL,NAO_APLICAVEL,NAO_APLICAVEL,NAO_APLICAVEL,NAO_APLICAVEL,A_DEFINIR,A_DEFINIR,A_DEFINIR,NAO_APLICAVEL,NAO_APLICAVEL,NAO_APLICAVEL,A_DEFINIR,{campaign_id}__{asset_id}__{spec_id}__v{version}.{ext},SCHEMA_STORE_SOLUCAO.md,NAO_APLICAVEL,2026-10-06,PARTIAL_VERIFIED,OPEN
SPEC-WEB-STORE-PDF-PDF,WEB,STORE,PDF,DOCUMENT,PDF,A_DEFINIR,A_DEFINIR,A_DEFINIR,A_DEFINIR,A_DEFINIR,A_DEFINIR,A_DEFINIR,A_DEFINIR,A_DEFINIR,NAO_APLICAVEL,NAO_APLICAVEL,NAO_APLICAVEL,NAO_APLICAVEL,NAO_APLICAVEL,NAO_APLICAVEL,A_DEFINIR,A_DEFINIR,A_DEFINIR,A_DEFINIR,A_DEFINIR,A_DEFINIR,A_DEFINIR,A_DEFINIR,A_DEFINIR,A_DEFINIR,NAO_APLICAVEL,CONDITIONAL_NON_DECORATIVE,"{""normal_text"":4.5,""large_text"":3.0}",A_DEFINIR,{campaign_id}__{asset_id}__{spec_id}__v{version}.{ext},SCHEMA_STORE_SOLUCAO.md,NAO_APLICAVEL,2026-10-06,PARTIAL_VERIFIED,OPEN
SPEC-WEB-STORE-DEMO-LOOP-MP4,WEB,STORE,DEMO_LOOP,VIDEO,MP4,A_DEFINIR,A_DEFINIR,A_DEFINIR,A_DEFINIR,A_DEFINIR,A_DEFINIR,A_DEFINIR,NAO_APLICAVEL,NAO_APLICAVEL,A_DEFINIR,10,A_DEFINIR,A_DEFINIR,A_DEFINIR,A_DEFINIR,NAO_APLICAVEL,NAO_APLICAVEL,NAO_APLICAVEL,A_DEFINIR,A_DEFINIR,A_DEFINIR,A_DEFINIR,A_DEFINIR,A_DEFINIR,A_DEFINIR,CONDITIONAL_PRERECORDED_SYNCHRONIZED_AUDIO,A_DEFINIR,"{""normal_text"":4.5,""large_text"":3.0}",mp4,{campaign_id}__{asset_id}__{spec_id}__v{version}.{ext},SCHEMA_STORE_SOLUCAO.md,NAO_APLICAVEL,2026-10-06,PARTIAL_VERIFIED,OPEN
SPEC-WEB-STORE-DEMO-LOOP-GIF,WEB,STORE,DEMO_LOOP,ANIMATION,GIF,A_DEFINIR,A_DEFINIR,A_DEFINIR,A_DEFINIR,A_DEFINIR,A_DEFINIR,A_DEFINIR,A_DEFINIR,A_DEFINIR,A_DEFINIR,10,A_DEFINIR,A_DEFINIR,NAO_APLICAVEL,NAO_APLICAVEL,NAO_APLICAVEL,NAO_APLICAVEL,NAO_APLICAVEL,A_DEFINIR,A_DEFINIR,A_DEFINIR,A_DEFINIR,A_DEFINIR,A_DEFINIR,A_DEFINIR,A_DEFINIR,A_DEFINIR,"{""normal_text"":4.5,""large_text"":3.0}",gif,{campaign_id}__{asset_id}__{spec_id}__v{version}.{ext},SCHEMA_STORE_SOLUCAO.md,NAO_APLICAVEL,2026-10-06,PARTIAL_VERIFIED,OPEN
SPEC-MASTER-PRODUCTION-STORYBOARD-SCHEMA,MASTER,PRODUCTION,STORYBOARD,DATA,SCHEMA,A_DEFINIR,NAO_APLICAVEL,NAO_APLICAVEL,NAO_APLICAVEL,NAO_APLICAVEL,NAO_APLICAVEL,NAO_APLICAVEL,NAO_APLICAVEL,NAO_APLICAVEL,NAO_APLICAVEL,NAO_APLICAVEL,NAO_APLICAVEL,NAO_APLICAVEL,NAO_APLICAVEL,NAO_APLICAVEL,NAO_APLICAVEL,NAO_APLICAVEL,NAO_APLICAVEL,NAO_APLICAVEL,NAO_APLICAVEL,NAO_APLICAVEL,NAO_APLICAVEL,A_DEFINIR,A_DEFINIR,A_DEFINIR,NAO_APLICAVEL,NAO_APLICAVEL,NAO_APLICAVEL,A_DEFINIR,{campaign_id}__{asset_id}__{spec_id}__v{version}.{ext},variaveis .txt,NAO_APLICAVEL,2026-10-06,PARTIAL_VERIFIED,OPEN
SPEC-MASTER-PRODUCTION-VOICEOVER-FORMAT-UNRESOLVED,MASTER,PRODUCTION,VOICEOVER,AUDIO,FORMAT_UNRESOLVED,A_DEFINIR,NAO_APLICAVEL,NAO_APLICAVEL,NAO_APLICAVEL,NAO_APLICAVEL,NAO_APLICAVEL,NAO_APLICAVEL,NAO_APLICAVEL,NAO_APLICAVEL,NAO_APLICAVEL,NAO_APLICAVEL,NAO_APLICAVEL,NAO_APLICAVEL,A_DEFINIR,A_DEFINIR,NAO_APLICAVEL,NAO_APLICAVEL,NAO_APLICAVEL,NAO_APLICAVEL,NAO_APLICAVEL,NAO_APLICAVEL,NAO_APLICAVEL,A_DEFINIR,A_DEFINIR,A_DEFINIR,NAO_APLICAVEL,NAO_APLICAVEL,NAO_APLICAVEL,A_DEFINIR,{campaign_id}__{asset_id}__{spec_id}__v{version}.{ext},variaveis .txt,NAO_APLICAVEL,2026-10-06,PARTIAL_VERIFIED,OPEN
SPEC-MASTER-PRODUCTION-FRAME-FORMAT-UNRESOLVED,MASTER,PRODUCTION,FRAME,IMAGE,FORMAT_UNRESOLVED,A_DEFINIR,A_DEFINIR,A_DEFINIR,A_DEFINIR,A_DEFINIR,A_DEFINIR,A_DEFINIR,A_DEFINIR,A_DEFINIR,NAO_APLICAVEL,NAO_APLICAVEL,NAO_APLICAVEL,NAO_APLICAVEL,NAO_APLICAVEL,NAO_APLICAVEL,NAO_APLICAVEL,NAO_APLICAVEL,NAO_APLICAVEL,A_DEFINIR,A_DEFINIR,A_DEFINIR,A_DEFINIR,A_DEFINIR,A_DEFINIR,A_DEFINIR,NAO_APLICAVEL,CONDITIONAL_NON_DECORATIVE,"{""normal_text"":4.5,""large_text"":3.0}",A_DEFINIR,{campaign_id}__{asset_id}__{spec_id}__v{version}.{ext},variaveis .txt,NAO_APLICAVEL,2026-10-06,PARTIAL_VERIFIED,OPEN
SPEC-MASTER-PRODUCTION-QUICK-FRAMEWORK-FORMAT-UNRESOLVED,MASTER,PRODUCTION,QUICK_FRAMEWORK,DATA,FORMAT_UNRESOLVED,A_DEFINIR,NAO_APLICAVEL,NAO_APLICAVEL,NAO_APLICAVEL,NAO_APLICAVEL,NAO_APLICAVEL,NAO_APLICAVEL,NAO_APLICAVEL,NAO_APLICAVEL,NAO_APLICAVEL,NAO_APLICAVEL,NAO_APLICAVEL,NAO_APLICAVEL,NAO_APLICAVEL,NAO_APLICAVEL,NAO_APLICAVEL,NAO_APLICAVEL,NAO_APLICAVEL,NAO_APLICAVEL,NAO_APLICAVEL,NAO_APLICAVEL,NAO_APLICAVEL,A_DEFINIR,A_DEFINIR,A_DEFINIR,NAO_APLICAVEL,NAO_APLICAVEL,NAO_APLICAVEL,A_DEFINIR,{campaign_id}__{asset_id}__{spec_id}__v{version}.{ext},variaveis .txt,NAO_APLICAVEL,2026-10-06,PARTIAL_VERIFIED,OPEN
SPEC-MASTER-PRODUCTION-COMMAND-FORMAT-UNRESOLVED,MASTER,PRODUCTION,COMMAND,DATA,FORMAT_UNRESOLVED,A_DEFINIR,NAO_APLICAVEL,NAO_APLICAVEL,NAO_APLICAVEL,NAO_APLICAVEL,NAO_APLICAVEL,NAO_APLICAVEL,NAO_APLICAVEL,NAO_APLICAVEL,NAO_APLICAVEL,NAO_APLICAVEL,NAO_APLICAVEL,NAO_APLICAVEL,NAO_APLICAVEL,NAO_APLICAVEL,NAO_APLICAVEL,NAO_APLICAVEL,NAO_APLICAVEL,NAO_APLICAVEL,NAO_APLICAVEL,NAO_APLICAVEL,NAO_APLICAVEL,A_DEFINIR,A_DEFINIR,A_DEFINIR,NAO_APLICAVEL,NAO_APLICAVEL,NAO_APLICAVEL,A_DEFINIR,{campaign_id}__{asset_id}__{spec_id}__v{version}.{ext},variaveis .txt,NAO_APLICAVEL,2026-10-06,PARTIAL_VERIFIED,OPEN
SPEC-MASTER-VISUAL-INFOGRAPHIC-LANDSCAPE,MASTER,VISUAL,INFOGRAPHIC,IMAGE,LANDSCAPE,A_DEFINIR,LANDSCAPE,16:9,A_DEFINIR,A_DEFINIR,A_DEFINIR,A_DEFINIR,A_DEFINIR,A_DEFINIR,NAO_APLICAVEL,NAO_APLICAVEL,NAO_APLICAVEL,NAO_APLICAVEL,NAO_APLICAVEL,NAO_APLICAVEL,NAO_APLICAVEL,NAO_APLICAVEL,NAO_APLICAVEL,A_DEFINIR,A_DEFINIR,A_DEFINIR,A_DEFINIR,A_DEFINIR,A_DEFINIR,A_DEFINIR,NAO_APLICAVEL,CONDITIONAL_NON_DECORATIVE,"{""normal_text"":4.5,""large_text"":3.0}",A_DEFINIR,{campaign_id}__{asset_id}__{spec_id}__v{version}.{ext},CMD_output_campanha_requiremenets.md,NAO_APLICAVEL,2026-10-06,PARTIAL_VERIFIED,OPEN
SPEC-MASTER-VISUAL-INFOGRAPHIC-VERTICAL,MASTER,VISUAL,INFOGRAPHIC,IMAGE,VERTICAL,A_DEFINIR,PORTRAIT,9:16,A_DEFINIR,A_DEFINIR,A_DEFINIR,A_DEFINIR,A_DEFINIR,A_DEFINIR,NAO_APLICAVEL,NAO_APLICAVEL,NAO_APLICAVEL,NAO_APLICAVEL,NAO_APLICAVEL,NAO_APLICAVEL,NAO_APLICAVEL,NAO_APLICAVEL,NAO_APLICAVEL,A_DEFINIR,A_DEFINIR,A_DEFINIR,A_DEFINIR,A_DEFINIR,A_DEFINIR,A_DEFINIR,NAO_APLICAVEL,CONDITIONAL_NON_DECORATIVE,"{""normal_text"":4.5,""large_text"":3.0}",A_DEFINIR,{campaign_id}__{asset_id}__{spec_id}__v{version}.{ext},CMD_output_campanha_requiremenets.md,NAO_APLICAVEL,2026-10-06,PARTIAL_VERIFIED,OPEN
SPEC-MASTER-VISUAL-INFOGRAPHIC-PORTRAIT,MASTER,VISUAL,INFOGRAPHIC,IMAGE,PORTRAIT,A_DEFINIR,PORTRAIT,4:5,A_DEFINIR,A_DEFINIR,A_DEFINIR,A_DEFINIR,A_DEFINIR,A_DEFINIR,NAO_APLICAVEL,NAO_APLICAVEL,NAO_APLICAVEL,NAO_APLICAVEL,NAO_APLICAVEL,NAO_APLICAVEL,NAO_APLICAVEL,NAO_APLICAVEL,NAO_APLICAVEL,A_DEFINIR,A_DEFINIR,A_DEFINIR,A_DEFINIR,A_DEFINIR,A_DEFINIR,A_DEFINIR,NAO_APLICAVEL,CONDITIONAL_NON_DECORATIVE,"{""normal_text"":4.5,""large_text"":3.0}",A_DEFINIR,{campaign_id}__{asset_id}__{spec_id}__v{version}.{ext},CMD_output_campanha_requiremenets.md,NAO_APLICAVEL,2026-10-06,PARTIAL_VERIFIED,OPEN
SPEC-MASTER-VISUAL-MACRO-COVER-CANVAS-UNRESOLVED,MASTER,VISUAL,MACRO_COVER,IMAGE,CANVAS_UNRESOLVED,3,A_DEFINIR,A_DEFINIR,A_DEFINIR,A_DEFINIR,A_DEFINIR,A_DEFINIR,A_DEFINIR,A_DEFINIR,NAO_APLICAVEL,NAO_APLICAVEL,NAO_APLICAVEL,NAO_APLICAVEL,NAO_APLICAVEL,NAO_APLICAVEL,NAO_APLICAVEL,NAO_APLICAVEL,NAO_APLICAVEL,A_DEFINIR,A_DEFINIR,A_DEFINIR,A_DEFINIR,A_DEFINIR,A_DEFINIR,A_DEFINIR,NAO_APLICAVEL,CONDITIONAL_NON_DECORATIVE,"{""normal_text"":4.5,""large_text"":3.0}",A_DEFINIR,{campaign_id}__{asset_id}__{spec_id}__v{version}.{ext},CMD-REACT-INFORGRAFICO.md,NAO_APLICAVEL,2026-10-06,PARTIAL_VERIFIED,OPEN
SPEC-MASTER-VISUAL-RISK-CARD-CANVAS-UNRESOLVED,MASTER,VISUAL,RISK_CARD,IMAGE,CANVAS_UNRESOLVED,9,A_DEFINIR,A_DEFINIR,A_DEFINIR,A_DEFINIR,A_DEFINIR,A_DEFINIR,A_DEFINIR,A_DEFINIR,NAO_APLICAVEL,NAO_APLICAVEL,NAO_APLICAVEL,NAO_APLICAVEL,NAO_APLICAVEL,NAO_APLICAVEL,NAO_APLICAVEL,NAO_APLICAVEL,NAO_APLICAVEL,A_DEFINIR,A_DEFINIR,A_DEFINIR,A_DEFINIR,A_DEFINIR,A_DEFINIR,A_DEFINIR,NAO_APLICAVEL,CONDITIONAL_NON_DECORATIVE,"{""normal_text"":4.5,""large_text"":3.0}",A_DEFINIR,{campaign_id}__{asset_id}__{spec_id}__v{version}.{ext},CMD-REACT-INFORGRAFICO.md,NAO_APLICAVEL,2026-10-06,PARTIAL_VERIFIED,OPEN
SPEC-MASTER-VISUAL-OVERVIEW-CANVAS-UNRESOLVED,MASTER,VISUAL,OVERVIEW,IMAGE,CANVAS_UNRESOLVED,1,A_DEFINIR,A_DEFINIR,A_DEFINIR,A_DEFINIR,A_DEFINIR,A_DEFINIR,A_DEFINIR,A_DEFINIR,NAO_APLICAVEL,NAO_APLICAVEL,NAO_APLICAVEL,NAO_APLICAVEL,NAO_APLICAVEL,NAO_APLICAVEL,NAO_APLICAVEL,NAO_APLICAVEL,NAO_APLICAVEL,A_DEFINIR,A_DEFINIR,A_DEFINIR,A_DEFINIR,A_DEFINIR,A_DEFINIR,A_DEFINIR,NAO_APLICAVEL,CONDITIONAL_NON_DECORATIVE,"{""normal_text"":4.5,""large_text"":3.0}",A_DEFINIR,{campaign_id}__{asset_id}__{spec_id}__v{version}.{ext},CMD-REACT-INFORGRAFICO.md,NAO_APLICAVEL,2026-10-06,PARTIAL_VERIFIED,OPEN
SPEC-MASTER-VISUAL-BOARD-LANDSCAPE-16X9,MASTER,VISUAL,BOARD,IMAGE,LANDSCAPE_16X9,7,LANDSCAPE,16:9,A_DEFINIR,A_DEFINIR,A_DEFINIR,A_DEFINIR,A_DEFINIR,A_DEFINIR,NAO_APLICAVEL,NAO_APLICAVEL,NAO_APLICAVEL,NAO_APLICAVEL,NAO_APLICAVEL,NAO_APLICAVEL,NAO_APLICAVEL,NAO_APLICAVEL,NAO_APLICAVEL,A_DEFINIR,A_DEFINIR,A_DEFINIR,A_DEFINIR,A_DEFINIR,A_DEFINIR,A_DEFINIR,NAO_APLICAVEL,CONDITIONAL_NON_DECORATIVE,"{""normal_text"":4.5,""large_text"":3.0}",A_DEFINIR,{campaign_id}__{asset_id}__{spec_id}__v{version}.{ext},CMD_output_campanha_requiremenets.md,NAO_APLICAVEL,2026-10-06,PARTIAL_VERIFIED,OPEN
