id,titulo,caminho,tipo,versao,status,depende_de,aplica_a,fonte,evidencia
RC-KIT-GOV-001,DECISIONS.md,00-governanca/DECISIONS.md,md,1.1.0,GERADO,,00-governanca,gerado na aplicação da Fase 1,cb812e700c31e4f5332e2cbba048d7b405c4d67eabcc97dff1042a070b36eb64
RC-KIT-GOV-002,MAPPING.json,00-governanca/MAPPING.json,json,1.1.0,GERADO,,00-governanca,gerado na aplicação da Fase 1,AUTORREFERENTE
RC-KIT-FILE-034,_adherence.oxlintrc.json,01-referencias/design-systems/nocturne/_adherence.oxlintrc.json,json,A DEFINIR,PRESERVADO,,01-referencias,Arquivo.zip/nocturne-02c4ffae-3abc-4626-b190-1a7caf3c77c7/_adherence.oxlintrc.json,06186bb46f06c0fa5afd27543508082248de52d249988265ce294511a684923d
RC-KIT-FILE-035,_ds_bundle.js,01-referencias/design-systems/nocturne/_ds_bundle.js,js,A DEFINIR,PRESERVADO,,01-referencias,Arquivo.zip/nocturne-02c4ffae-3abc-4626-b190-1a7caf3c77c7/_ds_bundle.js,aceb66bfea8c86f6ebf519525c4669e2d6bda22791fdf24db8f2cff09deabfb0
RC-KIT-FILE-036,_ds_manifest.json,01-referencias/design-systems/nocturne/_ds_manifest.json,json,A DEFINIR,PRESERVADO,,01-referencias,Arquivo.zip/nocturne-02c4ffae-3abc-4626-b190-1a7caf3c77c7/_ds_manifest.json,232f36fe241f1d1dba230d5c82f4dc02baeb28ffae6172db00d0a952d909da4c
RC-KIT-FILE-037,readme.md,01-referencias/design-systems/nocturne/readme.md,md,A DEFINIR,PRESERVADO,,01-referencias,Arquivo.zip/nocturne-02c4ffae-3abc-4626-b190-1a7caf3c77c7/readme.md,eda65ecf203e131eed33d8fdc498a0c9e606ca2f34e87d0dbeec83ab9822c80c
RC-KIT-FILE-038,styles.css,01-referencias/design-systems/nocturne/styles.css,css,A DEFINIR,PRESERVADO,,01-referencias,Arquivo.zip/nocturne-02c4ffae-3abc-4626-b190-1a7caf3c77c7/styles.css,6fea354710ec4e3b2b979b723ed37d8e8959bb7d9137425d0d562b4ad8733cda
OBRAND-STYLING-001,OBRAND-STYLING-001.md,01-referencias/marca/obrand-styling-001.md,md,A DEFINIR,PRESERVADO,,01-referencias,OBRAND-STYLING-001.md,d75d44edadcb0839abd1cc7862cbad38038af1fa1aed097520cff1df0b9caadf
RC-KIT-FILE-001,MOBILE_REF_UI.JPG,01-referencias/visuais/ref-001-mobile-ref-ui.jpg,jpg,A DEFINIR,PRESERVADO,,01-referencias,REFERENCIAS /MOBILE_REF_UI.JPG,4a327799a9f6dffb714ee56b4450e003fdefb31e6007fbac30c187e155755400
RC-KIT-FILE-002,INK_REF_.PNG,01-referencias/visuais/ref-002-ink-ref-.png,png,A DEFINIR,PRESERVADO,,01-referencias,REFERENCIAS /INK_REF_.PNG,a8fb6d614bdd8f8a72528f834433617aee1cd84a41c658381399e64a80284095
RC-KIT-FILE-003,STORE_CARDS_REF.PNG,01-referencias/visuais/ref-003-store-cards-ref.png,png,A DEFINIR,PRESERVADO,,01-referencias,REFERENCIAS /STORE_CARDS_REF.PNG,f6904c2ad7c1a1a338e5a5b4469f1117add6e95a42d74f77e88b199563ee2aec
RC-KIT-FILE-004,VETORIAL_REF.JPG.PNG,01-referencias/visuais/ref-004-vetorial-ref.jpg.png,png,A DEFINIR,PRESERVADO,,01-referencias,REFERENCIAS /VETORIAL_REF.JPG.PNG,5f61b59c55b06131b5284de1cf3286692ab613e01b2618de0a4a5496dec997b9
RC-KIT-FILE-005,UI-COMPONETS.JPG,01-referencias/visuais/ref-005-ui-componets.jpg,jpg,A DEFINIR,PRESERVADO,,01-referencias,REFERENCIAS /UI-COMPONETS.JPG,79fa79ce0ec1410094c14b6c8f81730e24c537a66525ff5d5b520dba222c1f62
RC-KIT-FILE-006,VETORI_REF.JPG,01-referencias/visuais/ref-006-vetori-ref.jpg,jpg,A DEFINIR,PRESERVADO,,01-referencias,REFERENCIAS /VETORI_REF.JPG,a2e6996fbb855bd365aded19243fccd8f080d8cd3836f72d631a2bf973625e73
RC-KIT-FILE-007,FIGURES_REF.JPG,01-referencias/visuais/ref-007-figures-ref.jpg,jpg,A DEFINIR,PRESERVADO,,01-referencias,REFERENCIAS /FIGURES_REF.JPG,c4db3e22a84d2ff49d6af657ebef3624be7e038908814bdbbe006718c4943dfd
RC-KIT-FILE-008,FLOW_CHART_REF.JPG,01-referencias/visuais/ref-008-flow-chart-ref.jpg,jpg,A DEFINIR,PRESERVADO,,01-referencias,REFERENCIAS /FLOW_CHART_REF.JPG,b8abac7cc0298f799a7de9812a022270eb2fe03e0169f8900eb9df40d94a0f3d
RC-KIT-FILE-009,VETORIAL_REF_.PNG,01-referencias/visuais/ref-009-vetorial-ref-.png,png,A DEFINIR,PRESERVADO,,01-referencias,REFERENCIAS /VETORIAL_REF_.PNG,19fc32139f31cbfb89da60433a29af66a9e3a3c4f22da7431ceabc9555415a61
RC-KIT-FILE-010,COMPONETS_REF.PNG,01-referencias/visuais/ref-010-componets-ref.png,png,A DEFINIR,PRESERVADO,,01-referencias,REFERENCIAS /COMPONETS_REF.PNG,6639eab832251c2e8f57fbe109f7a9cc88513b246aa9554b5b3bd415a6f60b54
RC-KIT-FILE-011,VETORIAL_REF.PNG,01-referencias/visuais/ref-011-vetorial-ref.png,png,A DEFINIR,PRESERVADO,,01-referencias,REFERENCIAS /VETORIAL_REF.PNG,77b7defaf9a60981567557728674f49126cc4e986f78abefe1b242084636b064
RC-KIT-FILE-012,VETORIAL_REF.JPG,01-referencias/visuais/ref-012-vetorial-ref.jpg,jpg,A DEFINIR,PRESERVADO,,01-referencias,REFERENCIAS /VETORIAL_REF.JPG,b243892e1df9c330ad44b2383574d32d92d59618868cae03b826a3e5f9995f1d
RC-KIT-FILE-013,GRAFICO_REF_.PNG,01-referencias/visuais/ref-013-grafico-ref-.png,png,A DEFINIR,PRESERVADO,,01-referencias,REFERENCIAS /GRAFICO_REF_.PNG,4f067db58b3aa16f1a850bc725d5c846b6fc9259e3b33ca1d18f518535f1d55a
RC-KIT-FILE-014,COMPONETS_UI_REF.JPG,01-referencias/visuais/ref-014-componets-ui-ref.jpg,jpg,A DEFINIR,PRESERVADO,,01-referencias,REFERENCIAS /COMPONETS_UI_REF.JPG,abad6bdaf30b204033eeb799b77fa4036e3c9e2bc636c7a446861ec0abd446ae
RC-KIT-FILE-015,CARDS_REF.PNG,01-referencias/visuais/ref-015-cards-ref.png,png,A DEFINIR,PRESERVADO,,01-referencias,REFERENCIAS /CARDS_REF.PNG,e0188594aff419dd715782f842fb20c4ab7f8c866b8e13d9d47cad6c0b31840f
RC-KIT-FILE-016,COMPONETS_REFF.JPG,01-referencias/visuais/ref-016-componets-reff.jpg,jpg,A DEFINIR,PRESERVADO,,01-referencias,REFERENCIAS /COMPONETS_REFF.JPG,c1d3d5db3a17b7db47a306c49428010d9b1dd7a1ed3c62bcc0cee0057c9d6ca3
CARD-HIERARCHY-SYSTEM,"CARD-HIERARCHY-SYSTEM v0.1,.md",02-design-system/componentes/card-hierarchy-system.md,md,0.1,PRESERVADO,,02-design-system,"CARD-HIERARCHY-SYSTEM v0.1,.md",3fa0c1cff93da64cb18e705b6ea324bb560dcbd10a630b75d7483d21546305c7
BRAND-COLOR-SYSTEM,BRAND-COLOR-SYSTEM.md,02-design-system/fundamentos/brand-color-system.md,md,A DEFINIR,PRESERVADO,,02-design-system,BRAND-COLOR-SYSTEM.md,bf9bab51d18af72b39d11b4fb97e4e48420fa701008186a2e08ef9312fb265b6
EDITORIAL-LAYOUT-SYSTEM,"EDITORIAL-LAYOUT-SYSTEM v0.1, complementar ao BRAND-COLOR-SYSTEM v0.1..md",02-design-system/layout/editorial-layout-system.md,md,0.1,PRESERVADO,BRAND-COLOR-SYSTEM,02-design-system,"EDITORIAL-LAYOUT-SYSTEM v0.1, complementar ao BRAND-COLOR-SYSTEM v0.1..md",be3e3aa57c7dd2807ddeaeb1263ed2cec84026de47df8b13d9122d0195b40a17
IMAGE-ILLUSTRATION-SYSTEM,IMAGE-ILLUSTRATION-SYSTEM v0.1 ΓÇö Architectural Technical Line Art.md,02-design-system/linguagem-visual/image-illustration-system.md,md,0.1,PRESERVADO,,02-design-system,IMAGE-ILLUSTRATION-SYSTEM v0.1 ΓÇö Architectural Technical Line Art.md,8065e41472ecb419bde92b6b96ea75c4df7b43c1c33f1899d09455952c5e80e2
INFOGRAPHIC-ISOMETRIC-SYSTEM,INFOGRAPHIC-ISOMETRIC-SYSTEM v0.1..md,02-design-system/linguagem-visual/infographic-isometric-system.md,md,0.1,PRESERVADO,,02-design-system,INFOGRAPHIC-ISOMETRIC-SYSTEM v0.1..md,b56360b24621c2ee9e1bb927283c5469fcf928c7de3fe415d9935d2bc582ab95
VECTOR-FIGURE-CONTRACT,VECTOR-FIGURE-CONTRACT v1.0.md,02-design-system/linguagem-visual/vector-figure-contract.md,md,1.0,PRESERVADO,,02-design-system,VECTOR-FIGURE-CONTRACT v1.0.md,bfe0580d4b062756ff0053f19ccc44c02bad242fbc97667c2ee6ff68ef283ff0
RC-KIT-FILE-031,ESQUERMAS PLAIN TXT.md,03-editorial/arquitetura/esquemas-editoriais.md,md,A DEFINIR,PRESERVADO,,03-editorial,ESQUERMAS PLAIN TXT.md,657672b6c26bc45bbebdc82c8761adc254cc105a89d94a9e9251db19ccbcb48c
RC-KIT-FILE-029,BLOCKS-CONTRAT.md,03-editorial/contratos/blocks-contract.md,md,A DEFINIR,PRESERVADO,,03-editorial,BLOCKS-CONTRAT.md,0846be1a809279a553bb56d7b25095f6b2c3907c8cbd7c77a300c153431d990c
RC-KIT-FILE-023,MDX_CONTRACT.md,03-editorial/contratos/mdx-contract.md,md,A DEFINIR,PRESERVADO,,03-editorial,MDX_CONTRACT.md,c86010b48ec1daa59181aa49ec631f82fc2d9dc5274a5ec137d5d9bdd291db30
RC-KIT-FILE-027,LEITURA CONGTIVA.md,03-editorial/leitura/leitura-cognitiva.md,md,A DEFINIR,PRESERVADO,,03-editorial,LEITURA CONGTIVA.md,4863c816fef5165bf382106fd1e86a291d33e64a90aceb05961e18413c7a9ae1
RC-KIT-FILE-019,Handoff editorial tokens para artigos de blog e ebooks.md,04-handoff/editorial/handoff-tokens-blog-ebooks.md,md,A DEFINIR,PRESERVADO,,04-handoff,Handoff editorial tokens para artigos de blog e ebooks.md,9550f2bfef1c79b6522121478799f3792a1569f95cdaacfb66cba8a496f1d757
RC-KIT-FILE-039,brain-home-v2.html,04-handoff/prototipos/brain-home-v2.html,html,A DEFINIR,PRESERVADO,,04-handoff,Arquivo.zip/Brain Home v2 2.html,2e3768a34746f884f09d6f7d1296e85af5f2b97e091719a48499737dd440d9df
RC-KIT-FILE-017,Developer Handoff Spec ΓÇö Branded Mainline Astro Site.md,04-handoff/site/developer-handoff-mainline-astro.md,md,A DEFINIR,PRESERVADO,,04-handoff,Developer Handoff Spec ΓÇö Branded Mainline Astro Site.md,8a546aeb47c394a1fa9a60db5fdd41af9c707b7fbfe1ade5c6a4fb8cc7c02c74
RC-KIT-FILE-018,Storyboard de componentes e handoff de uso.html,04-handoff/storyboard/storyboard-componentes.html,html,A DEFINIR,PRESERVADO,,04-handoff,Storyboard de componentes e handoff de uso.html,e73ae06b42bd8e66ed59121973a1f4fcf916da19e18f5fc719656971e424337c
RC-KIT-FILE-032,MDX EXEMPLO.md,05-exemplos/mdx-exemplo.md,md,A DEFINIR,PRESERVADO,,05-exemplos,MDX EXEMPLO.md,1943b2ceff3d59d5f73635f00aa341087e8cdba564ef3f383aca6ab229b8cc36
RC-KIT-FILE-020,TUTOTIAL.md,06-operacao/tutorial.md,md,A DEFINIR,PRESERVADO,,06-operacao,TUTOTIAL.md,eecb80f84a1b2da5ca4f0d0c464ba4486bd78e88aa6214cad2bbd8666a126680
RC-KIT-FILE-033,risco-cognitivo-reading-flow-v1.audit.yaml,07-validacao/auditorias/risco-cognitivo-reading-flow-v1.audit.yaml,yaml,A DEFINIR,PRESERVADO,,07-validacao,risco-cognitivo-reading-flow-v1.audit.yaml,3faf8020aef0adf951ae4b5e8b6a765e291e8368fca3d33c00f1803d25610136
RC-KIT-GOV-003,contrast-report.md,07-validacao/contrast-report.md,md,1.1.0,GERADO,,07-validacao,gerado na aplicação da Fase 1,c7af67d48eec2afa650fba402ba4f68abdabbff09dd6147a4f2aa941afca4c0d
RC-KIT-GOV-004,verification.json,07-validacao/verification.json,json,1.1.0,GERADO,,07-validacao,gerado na aplicação da Fase 1,AUTORREFERENTE
RC-KIT-GOV-005,MASTER-INDEX.csv,MASTER-INDEX.csv,csv,1.1.0,GERADO,,raiz,gerado na aplicação da Fase 1,AUTORREFERENTE
RC-KIT-GOV-006,README.md,README.md,md,1.1.0,GERADO,,raiz,gerado na aplicação da Fase 1,07f406a973c00e2dc4353867dcd9b9615ae34b363b93705810378b4a6deb88ef
